# I(clk),I(in0),I(in1),I(in10),I(in11),I(in12),I(in13),I(in14),I(in15),I(in16),I(in17),I(in18),I(in19),I(in2),I(in20),I(in21),I(in22),I(in23),I(in24),I(in25),I(in26),I(in27),I(in28),I(in29),I(in3),I(in30),I(in31),I(in32),I(in33),I(in34),I(in35),I(in36),I(in37),I(in38),I(in39),I(in4),I(in40),I(in41),I(in42),I(in43),I(in44),I(in45),I(in46),I(in47),I(in48),I(in49),I(in5),I(in50),I(in51),I(in52),I(in53),I(in54),I(in55),I(in56),I(in57),I(in58),I(in59),I(in6),I(in60),I(in61),I(in7),I(in8),I(in9),I(rst),O(out0),O(out1),O(out10),O(out11),O(out12),O(out13),O(out14),O(out15),O(out16),O(out17),O(out18),O(out19),O(out2),O(out20),O(out21),O(out22),O(out23),O(out24),O(out25),O(out26),O(out27),O(out28),O(out29),O(out3),O(out30),O(out31),O(out32),O(out33),O(out34),O(out35),O(out36),O(out37),O(out38),O(out39),O(out4),O(out40),O(out41),O(out42),O(out43),O(out44),O(out45),O(out46),O(out47),O(out48),O(out49),O(out5),O(out50),O(out51),O(out52),O(out53),O(out54),O(out55),O(out56),O(out57),O(out58),O(out59),O(out6),O(out60),O(out61),O(out7),O(out8),O(out9)
0.1815,0.4265,0.2795,0.0345,0.3285,0.2305,0.4755,0.1325,0.3775,0.0835
0.4265,0.0345,0.0835,0.2795,0.4755,0.3285,0.1815,0.3775,0.2305,0.1325
0.0345,0.1815,0.4265,0.4755,0.2305,0.0835,0.1325,0.2795,0.3285,0.3775
0.0835,0.1815,0.0345,0.4755,0.4265,0.2305,0.2795,0.3775,0.1325,0.3285
0.4265,0.1325,0.4755,0.2795,0.3775,0.0345,0.3285,0.2305,0.0835,0.1815
0.1815,0.2305,0.0835,0.4755,0.3775,0.3285,0.4265,0.0345,0.1325,0.2795
0.3775,0.0835,0.3285,0.4265,0.4755,0.2795,0.2305,0.1815,0.1325,0.0345
0.1815,0.2305,0.4265,0.4755,0.0345,0.2795,0.3775,0.3285,0.0835,0.1325
0.4755,0.4265,0.2305,0.0345,0.2795,0.1815,0.0835,0.3285,0.1325,0.3775
0.2305,0.2795,0.1815,0.1325,0.4755,0.0345,0.0835,0.4265,0.3775,0.3285
0.2305,0.0345,0.1815,0.3775,0.0835,0.1325,0.4755,0.4265,0.3285,0.2795
0.3775,0.3285,0.4265,0.2305,0.1325,0.0345,0.4755,0.2795,0.1815,0.0835
0.4755,0.0345,0.2305,0.0835,0.2795,0.3775,0.4265,0.3285,0.1815,0.1325
0.1815,0.1325,0.0835,0.2795,0.3775,0.4755,0.3285,0.4265,0.0345,0.2305
0.2795,0.3285,0.0345,0.0835,0.1815,0.3775,0.2305,0.1325,0.4755,0.4265
0.1815,0.2795,0.3285,0.0345,0.1325,0.0835,0.2305,0.4265,0.4755,0.3775
0.4755,0.3285,0.2795,0.1325,0.0345,0.0835,0.2305,0.1815,0.4265,0.3775
0.3775,0.1815,0.4265,0.0345,0.3285,0.1325,0.2795,0.0835,0.4755,0.2305
0.4265,0.3775,0.0835,0.1815,0.1325,0.2305,0.2795,0.4755,0.0345,0.3285
0.4265,0.2305,0.2795,0.0835,0.0345,0.4755,0.1325,0.3285,0.3775,0.1815
0.4755,0.2305,0.0345,0.1815,0.2795,0.0835,0.3775,0.4265,0.1325,0.3285
0.4265,0.3775,0.2795,0.4755,0.2305,0.0345,0.1815,0.0835,0.3285,0.1325
0.2305,0.2795,0.0835,0.1815,0.1325,0.4755,0.4265,0.3775,0.3285,0.0345
0.4265,0.3285,0.4755,0.0345,0.2795,0.1325,0.1815,0.2305,0.3775,0.0835
0.1815,0.4755,0.0835,0.3775,0.2305,0.2795,0.0345,0.1325,0.4265,0.3285
0.0345,0.3285,0.4265,0.1325,0.2305,0.0835,0.4755,0.3775,0.1815,0.2795
0.0345,0.3775,0.4755,0.0835,0.2795,0.1325,0.3285,0.2305,0.4265,0.1815
0.0345,0.4755,0.3285,0.4265,0.1325,0.2305,0.3775,0.2795,0.1815,0.0835
0.4755,0.1325,0.0345,0.1815,0.2305,0.4265,0.0835,0.2795,0.3285,0.3775
0.2795,0.1325,0.0835,0.4755,0.4265,0.2305,0.0345,0.3285,0.1815,0.3775
0.2795,0.3775,0.0345,0.4265,0.3285,0.2305,0.1815,0.1325,0.4755,0.0835
0.1325,0.3775,0.1815,0.0835,0.4755,0.2305,0.0345,0.2795,0.4265,0.3285
0.3285,0.0345,0.3775,0.2795,0.2305,0.4755,0.4265,0.1815,0.1325,0.0835
0.1325,0.2305,0.2795,0.0345,0.4265,0.1815,0.4755,0.3775,0.3285,0.0835
0.4265,0.2795,0.1325,0.0835,0.0345,0.3775,0.1815,0.2305,0.4755,0.3285
0.2795,0.0345,0.1325,0.2305,0.1815,0.4265,0.3285,0.3775,0.0835,0.4755
0.4755,0.0835,0.0345,0.1325,0.3285,0.2305,0.4265,0.3775,0.2795,0.1815
0.0835,0.4265,0.0345,0.2305,0.1325,0.2795,0.4755,0.1815,0.3285,0.3775
0.3285,0.1815,0.0835,0.1325,0.2305,0.4755,0.3775,0.2795,0.4265,0.0345
0.4755,0.0835,0.3775,0.2305,0.2795,0.3285,0.0345,0.4265,0.1815,0.1325
0.3775,0.0345,0.4265,0.0835,0.1325,0.4755,0.2795,0.2305,0.1815,0.3285
0.2305,0.4265,0.1815,0.4755,0.0345,0.1325,0.2795,0.0835,0.3775,0.3285
0.4265,0.0345,0.1815,0.2305,0.3775,0.4755,0.2795,0.3285,0.1325,0.0835
0.1325,0.4265,0.4755,0.3285,0.3775,0.0835,0.0345,0.2305,0.1815,0.2795
0.1325,0.2795,0.4265,0.2305,0.1815,0.0345,0.0835,0.3285,0.3775,0.4755
0.4755,0.4265,0.1815,0.1325,0.0835,0.2305,0.0345,0.3775,0.3285,0.2795
0.1325,0.3285,0.4265,0.2305,0.1815,0.0345,0.0835,0.4755,0.3775,0.2795
0.1325,0.1815,0.2795,0.0835,0.3775,0.3285,0.0345,0.4755,0.2305,0.4265
0.0345,0.3285,0.1325,0.0835,0.4265,0.3775,0.2795,0.4755,0.1815,0.2305
0.2795,0.4265,0.1325,0.1815,0.2305,0.0345,0.4755,0.0835,0.3285,0.3775
0.4265,0.2305,0.4755,0.3285,0.0345,0.0835,0.1325,0.2795,0.1815,0.3775
0.3285,0.3775,0.0835,0.0345,0.1815,0.4265,0.2305,0.2795,0.1325,0.4755
0.0345,0.0835,0.1815,0.2305,0.4755,0.1325,0.2795,0.3285,0.4265,0.3775
0.1815,0.2305,0.0835,0.3775,0.2795,0.0345,0.3285,0.1325,0.4265,0.4755
0.4755,0.3775,0.0835,0.4265,0.0345,0.2305,0.1325,0.3285,0.2795,0.1815
0.4265,0.0835,0.1325,0.3775,0.2305,0.1815,0.2795,0.3285,0.0345,0.4755
0.0345,0.4755,0.3285,0.4265,0.3775,0.0835,0.2795,0.1815,0.2305,0.1325
0.2795,0.3285,0.0835,0.0345,0.1325,0.3775,0.4265,0.4755,0.2305,0.1815
0.1325,0.1815,0.4755,0.2305,0.3285,0.2795,0.4265,0.3775,0.0835,0.0345
0.4755,0.1325,0.4265,0.2795,0.3775,0.3285,0.0345,0.0835,0.2305,0.1815
0.4755,0.3285,0.2795,0.0835,0.1325,0.1815,0.2305,0.3775,0.4265,0.0345
0.2795,0.4265,0.3285,0.2305,0.3775,0.0345,0.4755,0.0835,0.1815,0.1325
0.2795,0.4755,0.0345,0.4265,0.2305,0.1325,0.3285,0.3775,0.0835,0.1815
0.1815,0.4755,0.4265,0.0835,0.3775,0.2305,0.3285,0.0345,0.2795,0.1325
0.0000,0.0000,0.0000,0.0000,0.0000,0.0000,0.0000,0.0000,0.0000,0.0000
0.0000,0.0000,0.0000,0.0000,0.0000,0.0000,0.0000,0.0000,0.0000,0.0000
0.0000,0.0000,0.0000,0.0000,0.0000,0.0000,0.0000,0.0000,0.0000,0.0000
0.0000,0.0000,0.0000,0.0000,0.0000,0.0000,0.0000,0.0000,0.0000,0.0000
0.0000,0.0000,0.0000,0.0000,0.0000,0.0000,0.0000,0.0000,0.0000,0.0000
0.0000,0.0000,0.0000,0.0000,0.0000,0.0000,0.0000,0.0000,0.0000,0.0000
0.0000,0.0000,0.0000,0.0000,0.0000,0.0000,0.0000,0.0000,0.0000,0.0000
0.0000,0.0000,0.0000,0.0000,0.0000,0.0000,0.0000,0.0000,0.0000,0.0000
0.0000,0.0000,0.0000,0.0000,0.0000,0.0000,0.0000,0.0000,0.0000,0.0000
0.0000,0.0000,0.0000,0.0000,0.0000,0.0000,0.0000,0.0000,0.0000,0.0000
0.0000,0.0000,0.0000,0.0000,0.0000,0.0000,0.0000,0.0000,0.0000,0.0000
0.0000,0.0000,0.0000,0.0000,0.0000,0.0000,0.0000,0.0000,0.0000,0.0000
0.0000,0.0000,0.0000,0.0000,0.0000,0.0000,0.0000,0.0000,0.0000,0.0000
0.0000,0.0000,0.0000,0.0000,0.0000,0.0000,0.0000,0.0000,0.0000,0.0000
0.0000,0.0000,0.0000,0.0000,0.0000,0.0000,0.0000,0.0000,0.0000,0.0000
0.0000,0.0000,0.0000,0.0000,0.0000,0.0000,0.0000,0.0000,0.0000,0.0000
0.0000,0.0000,0.0000,0.0000,0.0000,0.0000,0.0000,0.0000,0.0000,0.0000
0.0000,0.0000,0.0000,0.0000,0.0000,0.0000,0.0000,0.0000,0.0000,0.0000
0.0000,0.0000,0.0000,0.0000,0.0000,0.0000,0.0000,0.0000,0.0000,0.0000
0.0000,0.0000,0.0000,0.0000,0.0000,0.0000,0.0000,0.0000,0.0000,0.0000
0.0000,0.0000,0.0000,0.0000,0.0000,0.0000,0.0000,0.0000,0.0000,0.0000
0.0000,0.0000,0.0000,0.0000,0.0000,0.0000,0.0000,0.0000,0.0000,0.0000
0.6000,0.0000,0.0000,0.0000,0.4000,0.1000,0.0000,0.1000,0.4000,0.0000
0.0000,0.0000,0.0000,0.0000,0.0000,0.0000,0.0000,0.0000,0.0000,0.0000
0.0000,0.0000,0.0000,0.0000,0.0000,0.0000,0.0000,0.0000,0.0000,0.0000
0.4000,0.2000,0.4000,0.0000,0.0000,0.0000,0.0000,0.0000,0.3000,0.4000
0.0000,0.0000,0.0000,0.0000,0.0000,0.0000,0.0000,0.0000,0.0000,0.0000
0.0000,0.0000,0.0000,0.0000,0.0000,0.0000,0.0000,0.0000,0.0000,0.0000
0.0000,0.0000,0.0000,0.0000,0.0000,0.0000,0.0000,0.0000,0.0000,0.0000
0.0000,0.0000,0.0000,0.0000,0.0000,0.0000,0.0000,0.0000,0.0000,0.0000
0.0000,0.0000,0.0000,0.0000,0.0000,0.0000,0.0000,0.0000,0.0000,0.0000
0.0000,0.0000,0.0000,0.0000,0.0000,0.0000,0.0000,0.0000,0.0000,0.0000
0.0000,0.0000,0.0000,0.0000,0.0000,0.0000,0.0000,0.0000,0.0000,0.0000
0.0000,0.0000,0.0000,0.0000,0.0000,0.0000,0.0000,0.0000,0.0000,0.0000
0.0000,0.0000,0.0000,0.0000,0.0000,0.0000,0.0000,0.0000,0.0000,0.0000
0.0000,0.0000,0.0000,0.0000,0.0000,0.0000,0.0000,0.0000,0.0000,0.0000
0.0000,0.0000,0.0000,0.0000,0.0000,0.0000,0.0000,0.0000,0.0000,0.0000
0.0000,0.0000,0.0000,0.0000,0.0000,0.0000,0.0000,0.0000,0.0000,0.0000
0.0000,0.0000,0.0000,0.0000,0.0000,0.0000,0.0000,0.0000,0.0000,0.0000
0.0000,0.0000,0.0000,0.0000,0.0000,0.0000,0.0000,0.0000,0.0000,0.0000
0.0000,0.0000,0.0000,0.0000,0.0000,0.0000,0.0000,0.0000,0.0000,0.0000
0.0000,0.0000,0.0000,0.0000,0.0000,0.0000,0.0000,0.0000,0.0000,0.0000
0.0000,0.0000,0.0000,0.0000,0.0000,0.0000,0.0000,0.0000,0.0000,0.0000
0.0000,0.0000,0.0000,0.0000,0.0000,0.0000,0.0000,0.0000,0.0000,0.0000
0.0000,0.0000,0.0000,0.0000,0.0000,0.0000,0.0000,0.0000,0.0000,0.0000
0.0000,0.0000,0.0000,0.0000,0.0000,0.0000,0.0000,0.0000,0.0000,0.0000
0.0000,0.0000,0.0000,0.0000,0.0000,0.0000,0.0000,0.0000,0.0000,0.0000
0.1000,0.1000,0.1000,0.1000,0.3000,0.1000,0.1000,0.1000,0.1000,0.2000
0.0000,0.0000,0.0000,0.0000,0.0000,0.0000,0.0000,0.0000,0.0000,0.0000
0.0000,0.0000,0.0000,0.0000,0.0000,0.0000,0.0000,0.0000,0.0000,0.0000
0.0000,0.0000,0.0000,0.0000,0.0000,0.0000,0.0000,0.0000,0.0000,0.0000
0.0000,0.0000,0.0000,0.0000,0.0000,0.0000,0.0000,0.0000,0.0000,0.0000
0.0000,0.0000,0.0000,0.0000,0.0000,0.0000,0.0000,0.0000,0.0000,0.0000
0.0000,0.0000,0.0000,0.0000,0.0000,0.0000,0.0000,0.0000,0.0000,0.0000
0.0000,0.0000,0.0000,0.0000,0.0000,0.0000,0.0000,0.0000,0.0000,0.0000
0.0000,0.0000,0.0000,0.0000,0.0000,0.0000,0.0000,0.0000,0.0000,0.0000
0.0000,0.0000,0.0000,0.0000,0.0000,0.0000,0.0000,0.0000,0.0000,0.0000
0.0000,0.0000,0.0000,0.0000,0.0000,0.0000,0.0000,0.0000,0.0000,0.0000
0.0000,0.0000,0.0000,0.0000,0.0000,0.0000,0.0000,0.0000,0.0000,0.0000
0.0000,0.0000,0.0000,0.0000,0.0000,0.0000,0.0000,0.0000,0.0000,0.0000
0.0000,0.0000,0.0000,0.0000,0.0000,0.0000,0.0000,0.0000,0.0000,0.0000
0.0000,0.0000,0.0000,0.0000,0.0000,0.0000,0.0000,0.0000,0.0000,0.0000
